/2020/10/orange-is-the-new-black.html /2016/06/orange-is-the-new-black/ 301
/2020/10/orange-is-the-new-black/ /2016/06/orange-is-the-new-black/ 301
/2017/07/amazon-kindle-hont/ /2017/07/amazon-kindle-honto/ 301
/2022/01/onethird-newversion-1.1.html /2022/01/onethird-newversion-1-1/ 301
/2022/01/onethird-newversion-1.1/ /2022/01/onethird-newversion-1-1/ 301
/2013/01/takamura-kaoru.cold-blood.html /2013/01/takamura-kaoru-cold-blood/ 301
/2013/01/takamura-kaoru.cold-blood/ /2013/01/takamura-kaoru-cold-blood/ 301
/2019/10/shino-sakuragi.tundra.html /2019/10/shino-sakuragi-tundra/ 301
/2019/10/shino-sakuragi.tundra/ /2019/10/shino-sakuragi-tundra/ 301
/2018/03/hahakigi-hosei.suijin.html /2018/03/hahakigi-hosei-suijin/ 301
/2018/03/hahakigi-hosei.suijin/ /2018/03/hahakigi-hosei-suijin/ 301
/2018/03/nakamura-fuminori.breaking-up-with-you-at-last-winter.html /2018/03/nakamura-fuminori-breaking-up-with-you-at-last-winter/ 301
/2018/03/nakamura-fuminori.breaking-up-with-you-at-last-winter/ /2018/03/nakamura-fuminori-breaking-up-with-you-at-last-winter/ 301
/2018/03/takamura-kaoru.gods-fire.html /2018/03/takamura-kaoru-gods-fire/ 301
/2018/03/takamura-kaoru.gods-fire/ /2018/03/takamura-kaoru-gods-fire/ 301
/2018/02/boris-vian.lecume-des-jours.html /2018/02/boris-vian-lecume-des-jours/ 301
/2018/02/boris-vian.lecume-des-jours/ /2018/02/boris-vian-lecume-des-jours/ 301
/2018/02/mamiya-yuriko.four-men-traveling-in-keigo.html /2018/02/mamiya-yuriko-four-men-traveling-in-keigo/ 301
/2018/02/mamiya-yuriko.four-men-traveling-in-keigo/ /2018/02/mamiya-yuriko-four-men-traveling-in-keigo/ 301
/2018/02/yo-kusakabe.haiyo-shin.html /2018/02/yo-kusakabe-haiyo-shin/ 301
/2018/02/yo-kusakabe.haiyo-shin/ /2018/02/yo-kusakabe-haiyo-shin/ 301
/2018/07/nagatsuka-yasuyuki.eastern-europe-football-chronicle.html /2018/07/nagatsuka-yasuyuki-eastern-europe-football-chronicle/ 301
/2018/07/nagatsuka-yasuyuki.eastern-europe-football-chronicle/ /2018/07/nagatsuka-yasuyuki-eastern-europe-football-chronicle/ 301
/2018/07/boston-teran.giv-the-story-of-a-dog-and-america.html /2018/07/boston-teran-giv-the-story-of-a-dog-and-america/ 301
/2018/07/boston-teran.giv-the-story-of-a-dog-and-america/ /2018/07/boston-teran-giv-the-story-of-a-dog-and-america/ 301
/2018/07/minato-kanae.utopia.html /2018/07/minato-kanae-utopia/ 301
/2018/07/minato-kanae.utopia/ /2018/07/minato-kanae-utopia/ 301
/2018/06/miyamoto-tsuneichi.people-live-in-the-mountains.html /2018/06/miyamoto-tsuneichi-people-live-in-the-mountains/ 301
/2018/06/miyamoto-tsuneichi.people-live-in-the-mountains/ /2018/06/miyamoto-tsuneichi-people-live-in-the-mountains/ 301
/2018/06/syudou-urio.brain-man.html /2018/06/syudou-urio-brain-man/ 301
/2018/06/syudou-urio.brain-man/ /2018/06/syudou-urio-brain-man/ 301
/2018/06/syudou-urio.brain-man-2.html /2018/06/syudou-urio-brain-man-2/ 301
/2018/06/syudou-urio.brain-man-2/ /2018/06/syudou-urio-brain-man-2/ 301
/2018/01/stieg-larsson.millennium3-girl-who-kicked-hornets-nest.html /2018/01/stieg-larsson-millennium3-girl-who-kicked-hornets-nest/ 301
/2018/01/stieg-larsson.millennium3-girl-who-kicked-hornets-nest/ /2018/01/stieg-larsson-millennium3-girl-who-kicked-hornets-nest/ 301
/2018/01/nashiki-kaho.when-spring-comes-to-pick-strawberries.html /2018/01/nashiki-kaho-when-spring-comes-to-pick-strawberries/ 301
/2018/01/nashiki-kaho.when-spring-comes-to-pick-strawberries/ /2018/01/nashiki-kaho-when-spring-comes-to-pick-strawberries/ 301
/2018/01/clare-kipps.sold-for-a-farthing.html /2018/01/clare-kipps-sold-for-a-farthing/ 301
/2018/01/clare-kipps.sold-for-a-farthing/ /2018/01/clare-kipps-sold-for-a-farthing/ 301
/2018/01/michael-bar-zohar.mossad-file.html /2018/01/michael-bar-zohar-mossad-file/ 301
/2018/01/michael-bar-zohar.mossad-file/ /2018/01/michael-bar-zohar-mossad-file/ 301
/2018/08/somerset-maugham.ashenden.html /2018/08/somerset-maugham-ashenden/ 301
/2018/08/somerset-maugham.ashenden/ /2018/08/somerset-maugham-ashenden/ 301
/2018/05/kenta-nishimura.hotel-of-the-culvert.html /2018/05/kenta-nishimura-hotel-of-the-culvert/ 301
/2018/05/kenta-nishimura.hotel-of-the-culvert/ /2018/05/kenta-nishimura-hotel-of-the-culvert/ 301
/2018/05/scott-turow.burden-of-proof.html /2018/05/scott-turow-burden-of-proof/ 301
/2018/05/scott-turow.burden-of-proof/ /2018/05/scott-turow-burden-of-proof/ 301
/2018/05/nashiki-kaho.iemori-kitan.html /2018/05/nashiki-kaho-iemori-kitan/ 301
/2018/05/nashiki-kaho.iemori-kitan/ /2018/05/nashiki-kaho-iemori-kitan/ 301
/2018/04/kaho-nashiki.the-witch-of-the-west-died.html /2018/04/kaho-nashiki-the-witch-of-the-west-died/ 301
/2018/04/kaho-nashiki.the-witch-of-the-west-died/ /2018/04/kaho-nashiki-the-witch-of-the-west-died/ 301
/2014/12/uehashi-nahoko.the-beast-player.html /2014/12/uehashi-nahoko-the-beast-player/ 301
/2014/12/uehashi-nahoko.the-beast-player/ /2014/12/uehashi-nahoko-the-beast-player/ 301
/2014/11/hahakigi-hosei.the-darkness-of-the-rose-window.html /2014/11/hahakigi-hosei-the-darkness-of-the-rose-window/ 301
/2014/11/hahakigi-hosei.the-darkness-of-the-rose-window/ /2014/11/hahakigi-hosei-the-darkness-of-the-rose-window/ 301
/2014/11/hahakigi-hosei.anraku-ward.html /2014/11/hahakigi-hosei-anraku-ward/ 301
/2014/11/hahakigi-hosei.anraku-ward/ /2014/11/hahakigi-hosei-anraku-ward/ 301
/2014/11/hahakigi-hosei.intersex.html /2014/11/hahakigi-hosei-intersex/ 301
/2014/11/hahakigi-hosei.intersex/ /2014/11/hahakigi-hosei-intersex/ 301
/2014/11/hahakigi-hosei.embrio.html /2014/11/hahakigi-hosei-embrio/ 301
/2014/11/hahakigi-hosei.embrio/ /2014/11/hahakigi-hosei-embrio/ 301
/2010/03/hahakigi-hosei.closed-ward.html /2010/03/hahakigi-hosei-closed-ward/ 301
/2010/03/hahakigi-hosei.closed-ward/ /2010/03/hahakigi-hosei-closed-ward/ 301
/2015/03/nakamura-fuminori.cult-x.html /2015/03/nakamura-fuminori-cult-x/ 301
/2015/03/nakamura-fuminori.cult-x/ /2015/03/nakamura-fuminori-cult-x/ 301
/2015/03/kazuo-ishiguro.dont-let-me-go.html /2015/03/kazuo-ishiguro-dont-let-me-go/ 301
/2015/03/kazuo-ishiguro.dont-let-me-go/ /2015/03/kazuo-ishiguro-dont-let-me-go/ 301
/2015/02/inoue-yasushi.tenpyo-no-iraka.html /2015/02/inoue-yasushi-tenpyo-no-iraka/ 301
/2015/02/inoue-yasushi.tenpyo-no-iraka/ /2015/02/inoue-yasushi-tenpyo-no-iraka/ 301
/2015/11/takamura-kaoru.horse-pulling-the-sun.html /2015/11/takamura-kaoru-horse-pulling-the-sun/ 301
/2015/11/takamura-kaoru.horse-pulling-the-sun/ /2015/11/takamura-kaoru-horse-pulling-the-sun/ 301
/2015/11/takamura-kaoru.marks-mountain.html /2015/11/takamura-kaoru-marks-mountain/ 301
/2015/11/takamura-kaoru.marks-mountain/ /2015/11/takamura-kaoru-marks-mountain/ 301
/2015/08/takamura-kaoru.new-rear-king.html /2015/08/takamura-kaoru-new-rear-king/ 301
/2015/08/takamura-kaoru.new-rear-king/ /2015/08/takamura-kaoru-new-rear-king/ 301
/2015/05/fuminori-nakamura.children-in-the-soil.html /2015/05/fuminori-nakamura-children-in-the-soil/ 301
/2015/05/fuminori-nakamura.children-in-the-soil/ /2015/05/fuminori-nakamura-children-in-the-soil/ 301
/2015/04/takamura-kaoru.haruko-emotional-song.html /2015/04/takamura-kaoru-haruko-emotional-song/ 301
/2015/04/takamura-kaoru.haruko-emotional-song/ /2015/04/takamura-kaoru-haruko-emotional-song/ 301
/2020/11/nakawaki-hatsue.kimiha-iiko.html /2020/11/nakawaki-hatsue-kimiha-iiko/ 301
/2020/11/nakawaki-hatsue.kimiha-iiko/ /2020/11/nakawaki-hatsue-kimiha-iiko/ 301
/2011/03/motohashi-seiichi.slaughterhouse.html /2011/03/motohashi-seiichi-slaughterhouse/ 301
/2011/03/motohashi-seiichi.slaughterhouse/ /2011/03/motohashi-seiichi-slaughterhouse/ 301
/2011/10/hahakigi-hosei.escape.html /2011/10/hahakigi-hosei-escape/ 301
/2011/10/hahakigi-hosei.escape/ /2011/10/hahakigi-hosei-escape/ 301
/2017/12/stieg-larsson.millennium1-girl-with-dragontattoo.html /2017/12/stieg-larsson-millennium1-girl-with-dragontattoo/ 301
/2017/12/stieg-larsson.millennium1-girl-with-dragontattoo/ /2017/12/stieg-larsson-millennium1-girl-with-dragontattoo/ 301
/2017/12/miyabe-miyuki.reason.html /2017/12/miyabe-miyuki-reason/ 301
/2017/12/miyabe-miyuki.reason/ /2017/12/miyabe-miyuki-reason/ 301
/2017/12/stieg-larsson.millennium2-girl-who-played-with-fire.html /2017/12/stieg-larsson-millennium2-girl-who-played-with-fire/ 301
/2017/12/stieg-larsson.millennium2-girl-who-played-with-fire/ /2017/12/stieg-larsson-millennium2-girl-who-played-with-fire/ 301
/2017/12/yo-kusakabe.painless.html /2017/12/yo-kusakabe-painless/ 301
/2017/12/yo-kusakabe.painless/ /2017/12/yo-kusakabe-painless/ 301
/2017/07/jyu-nakamura.fuminori.html /2017/07/jyu-nakamura-fuminori/ 301
/2017/07/jyu-nakamura.fuminori/ /2017/07/jyu-nakamura-fuminori/ 301
/2017/11/sakuragi-shino.terminal.html /2017/11/sakuragi-shino-terminal/ 301
/2017/11/sakuragi-shino.terminal/ /2017/11/sakuragi-shino-terminal/ 301
/2017/11/tetsuzo-fukuzawa.i-turn.html /2017/11/tetsuzo-fukuzawa-i-turn/ 301
/2017/11/tetsuzo-fukuzawa.i-turn/ /2017/11/tetsuzo-fukuzawa-i-turn/ 301
/2017/11/tetsuzo-fukuzawa.sujibori.html /2017/11/tetsuzo-fukuzawa-sujibori/ 301
/2017/11/tetsuzo-fukuzawa.sujibori/ /2017/11/tetsuzo-fukuzawa-sujibori/ 301
/2017/11/kakine-ryosuke.wild-soul.html /2017/11/kakine-ryosuke-wild-soul/ 301
/2017/11/kakine-ryosuke.wild-soul/ /2017/11/kakine-ryosuke-wild-soul/ 301
/2017/11/Jussi-Adler-Olsen.message-from-p.html /2017/11/Jussi-Adler-Olsen-message-from-p/ 301
/2017/11/Jussi-Adler-Olsen.message-from-p/ /2017/11/Jussi-Adler-Olsen-message-from-p/ 301
/2017/08/long-wonderful-and-depressing-day-makoto.siina.html /2017/08/long-wonderful-and-depressing-day-makoto-siina/ 301
/2017/08/long-wonderful-and-depressing-day-makoto.siina/ /2017/08/long-wonderful-and-depressing-day-makoto-siina/ 301
/2017/08/themoon.and-sixpence/ /2017/08/themoon-and-sixpence/ 301
/2017/08/themoon.and.sixpence.html /2017/08/themoon-and-sixpence/ 301
/2017/08/themoon.and.sixpence/ /2017/08/themoon-and-sixpence/ 301
/2017/09/sakuragi-shino.daremoinai-yorunisaku.html /2017/09/sakuragi-shino-daremoinai-yorunisaku/ 301
/2017/09/sakuragi-shino.daremoinai-yorunisaku/ /2017/09/sakuragi-shino-daremoinai-yorunisaku/ 301
/2017/09/labyrinth-fuminori.nakamura.html /2017/09/labyrinth-fuminori-nakamura/ 301
/2017/09/labyrinth-fuminori.nakamura/ /2017/09/labyrinth-fuminori-nakamura/ 301
/2017/09/Hemingway.oldman-and-sea.html /2017/09/Hemingway-oldman-and-sea/ 301
/2017/09/Hemingway.oldman-and-sea/ /2017/09/Hemingway-oldman-and-sea/ 301
/2017/10/hideki-shibuya.Invitation-to-constitution.html /2017/10/hideki-shibuya-Invitation-to-constitution/ 301
/2017/10/hideki-shibuya.Invitation-to-constitution/ /2017/10/hideki-shibuya-Invitation-to-constitution/ 301
/2017/10/sakuragi-shino.hotel-royal.html /2017/10/sakuragi-shino-hotel-royal/ 301
/2017/10/sakuragi-shino.hotel-royal/ /2017/10/sakuragi-shino-hotel-royal/ 301
/2017/10/scott-turow.presumptuous.html /2017/10/scott-turow-presumptuous/ 301
/2017/10/scott-turow.presumptuous/ /2017/10/scott-turow-presumptuous/ 301
/2010/03/blog-post.html /2010/03/hahakigi-hosei-closed-ward/ 301
/2010/03/blog-post/ /2010/03/hahakigi-hosei-closed-ward/ 301
/2011/03/blog-post.html /2011/03/motohashi-seiichi-slaughterhouse/ 301
/2011/03/blog-post/ /2011/03/motohashi-seiichi-slaughterhouse/ 301
/2011/05/blog-post.html /2011/05/emergency-call-from-etrov/ 301
/2011/05/blog-post/ /2011/05/emergency-call-from-etrov/ 301
/2011/10/blog-post.html /2011/10/hahakigi-hosei-escape/ 301
/2011/10/blog-post/ /2011/10/hahakigi-hosei-escape/ 301
/2013/01/blog-post.html /2013/01/takamura-kaoru-cold-blood/ 301
/2013/01/blog-post/ /2013/01/takamura-kaoru-cold-blood/ 301
/2014/11/blog-post.html /2014/11/hahakigi-hosei-the-darkness-of-the-rose-window/ 301
/2014/11/blog-post/ /2014/11/hahakigi-hosei-the-darkness-of-the-rose-window/ 301
/2014/12/blog-post.html /2014/11/hahakigi-hosei-intersex/ 301
/2014/12/blog-post/ /2014/11/hahakigi-hosei-intersex/ 301
/2014/11/blog-post_22.html /2014/11/hahakigi-hosei-embrio/ 301
/2014/11/blog-post_22/ /2014/11/hahakigi-hosei-embrio/ 301
/2014/12/blog-post_22.html /2014/11/hahakigi-hosei-anraku-ward/ 301
/2014/12/blog-post_22/ /2014/11/hahakigi-hosei-anraku-ward/ 301
/2014/12/blog-post_98.html /2014/12/uehashi-nahoko-the-beast-player/ 301
/2014/12/blog-post_98/ /2014/12/uehashi-nahoko-the-beast-player/ 301
/2015/03/blog-post_9.html /2015/03/nakamura-fuminori-cult-x/ 301
/2015/03/blog-post_9/ /2015/03/nakamura-fuminori-cult-x/ 301
/2015/11/blog-post_2.html /2015/11/takamura-kaoru-marks-mountain/ 301
/2015/11/blog-post_2/ /2015/11/takamura-kaoru-marks-mountain/ 301
/2015/02/blog-post_21.html /2015/02/inoue-yasushi-tenpyo-no-iraka/ 301
/2015/02/blog-post_21/ /2015/02/inoue-yasushi-tenpyo-no-iraka/ 301
/2015/05/blog-post_3.html /2015/05/fuminori-nakamura-children-in-the-soil/ 301
/2015/05/blog-post_3/ /2015/05/fuminori-nakamura-children-in-the-soil/ 301
/2015/03/blog-post_14.html /2015/03/kazuo-ishiguro-dont-let-me-go/ 301
/2015/03/blog-post_14/ /2015/03/kazuo-ishiguro-dont-let-me-go/ 301
/2015/11/blog-post.html /2015/11/takamura-kaoru-horse-pulling-the-sun/ 301
/2015/11/blog-post/ /2015/11/takamura-kaoru-horse-pulling-the-sun/ 301
/2015/08/blog-post.html /2015/08/takamura-kaoru-new-rear-king/ 301
/2015/08/blog-post/ /2015/08/takamura-kaoru-new-rear-king/ 301
/2015/04/blog-post_14.html /2015/04/takamura-kaoru-haruko-emotional-song/ 301
/2015/04/blog-post_14/ /2015/04/takamura-kaoru-haruko-emotional-song/ 301
/2015/02/k.html /2015/02/do-androids-dream-of-electric-sheep/ 301
/2015/02/k/ /2015/02/do-androids-dream-of-electric-sheep/ 301
/2021/06/ashitano-tarinai-futari.html /2021/06/tarinaifutari/ 301
/2021/06/ashitano-tarinai-futari/ /2021/06/tarinaifutari/ 301
/2021/08/foresee-death.html /2021/08/thinking-habits/ 301
/2021/08/foresee-death/ /2021/08/thinking-habits/ 301
/2017/04/blog-post.html /2021/08/abelchristo/ 301
/2017/04/blog-post/ /2021/08/abelchristo/ 301
/2021/08/our-girl-a.kaoru-takamura.html /2021/08/ourgirla/ 301
/2021/08/our-girl-a.kaoru-takamura/ /2021/08/ourgirla/ 301
/2021/08/our-girl-a.html /2021/08/ourgirla/ 301
/2021/08/our-girl-a/ /2021/08/ourgirla/ 301
/2021/09/blog-post_22.html /2021/09/blogpost22/ 301
/2021/09/blog-post_22/ /2021/09/blogpost22/ 301
/2021/09/ferdinandvonschirach.html /2021/11/ferdinand-von-schirach/ 301
/2021/09/ferdinandvonschirach/ /2021/11/ferdinand-von-schirach/ 301
/2024/03/%20family-farewell.html /2024/03/family-farewell/ 301
/2024/03/%20family-farewell/ /2024/03/family-farewell/ 301
/p/privacy-policy-neputa-note.html /p/privacy-policy/ 301
/p/privacy-policy-neputa-note/ /p/privacy-policy/ 301
/p/contact_30.html /p/contact/ 301
/p/contact_30/ /p/contact/ 301
